Distance,AE,SD1.1,SD1.5,SD2.1,KD2.1,MJ4,MJ5,MJ5.1
LPIPS,SD1,0.977,0.954,0.263,0.466,0.801,0.626,0.627
LPIPS,SD2,0.197,0.186,0.975,0.481,0.998,0.972,0.972
LPIPS,KD2.1,0.124,0.116,0.177,0.997,0.688,0.59,0.538
LPIPS,min,0.819,0.796,0.975,0.987,0.998,0.972,0.972
LPIPS$_1$,SD1,0.789,0.753,0.115,0.265,0.482,0.39,0.399
LPIPS$_1$,SD2,0.047,0.072,0.878,0.304,0.995,0.882,0.889
LPIPS$_1$,KD2.1,0.033,0.059,0.075,0.988,0.498,0.406,0.371
LPIPS$_1$,min,0.496,0.509,0.878,0.984,0.995,0.882,0.889
LPIPS$_2$,SD1,0.997,0.99,0.193,0.486,0.878,0.651,0.607
LPIPS$_2$,SD2,0.125,0.133,0.996,0.493,0.998,0.997,0.991
LPIPS$_2$,KD2.1,0.056,0.066,0.101,0.999,0.681,0.545,0.484
LPIPS$_2$,min,0.986,0.973,0.996,0.999,0.998,0.997,0.991
LPIPS$_3$,SD1,0.986,0.958,0.417,0.579,0.882,0.699,0.713
LPIPS$_3$,SD2,0.298,0.317,0.976,0.586,0.989,0.977,0.982
LPIPS$_3$,KD2.1,0.14,0.131,0.218,0.996,0.754,0.649,0.604
LPIPS$_3$,min,0.917,0.872,0.976,0.991,0.989,0.977,0.982
LPIPS$_4$,SD1,0.911,0.905,0.438,0.513,0.805,0.7,0.686
LPIPS$_4$,SD2,0.335,0.333,0.932,0.503,0.992,0.936,0.954
LPIPS$_4$,KD2.1,0.27,0.258,0.325,0.996,0.714,0.665,0.619
LPIPS$_4$,min,0.582,0.574,0.932,0.958,0.992,0.936,0.954
LPIPS$_5$,SD1,0.786,0.778,0.343,0.32,0.593,0.535,0.517
LPIPS$_5$,SD2,0.269,0.27,0.788,0.32,0.944,0.863,0.868
LPIPS$_5$,KD2.1,0.21,0.22,0.254,0.91,0.542,0.524,0.464
LPIPS$_5$,min,0.382,0.39,0.79,0.673,0.944,0.863,0.869
